diamondmaster98,b1774cf7-bde0-49a8-924e-685880eb126c
calpian,68cda29a-2cf2-40d2-9cc2-b77f754b203f
commandersalty,e1ee8717-532a-44c1-9927-9248e802db90
xenguy,82f8a08a-931f-4e3a-994c-1c4e5482032a
sirraphy,3612df7f-5c94-498d-9b90-ce057a77f65a
boric,54fc79d6-1e83-4809-a509-c4d6a5645967
hassasin,6d458c1e-ce6f-41f4-a089-dca42f56f312
love0430,c451b937-09f1-4889-b197-7af14935e290
battingdog,9877748a-e26f-4092-939f-969b3b316853
wildfire17,98046f6a-0391-4ab3-8df0-d421aa69b398
lecookie,a682f6bc-7082-43b3-89bb-9e5342910206
faction_a933492f_37d1_4fca_84bc_dda6b696892b,02ae05ac-3434-3a75-8484-3ef7596975e4
rafaody,eedd6674-8e1d-4ddc-989a-a3fd6b4a887e
kryptoniumx,0e0590ab-39d6-4a55-8f7d-be3e17bcc06a
manne002,559f4cda-658b-4c68-bcab-8a17f07f6a74
nuke325,50b4b6c7-d7af-4f1f-8541-208ac7900e41
pugins,602fe9be-2da0-4ce1-b0be-9001b3450ef7
hahaha12321,7704ba01-b35c-4c38-908f-2a9aba431530
hge_lennert,e70a85c7-463e-41a4-9830-13c9a226651c
yackytheduck,9fa77dd5-8d49-4832-8424-8712fbde53fc
prof_derf,91cfb9a8-d3eb-4d07-897a-0d40fd5dbd7e
crazy_boy132,6a82b94e-94d6-40d1-978d-dac642148a0d
tek,35b34121-7a7e-42e8-88ac-424f5fc1423f
xxphillycheesexx,d04335fe-79b9-4a69-9b6d-7164f0befc45
firecarlos13,52356515-9300-4e05-9066-81f9bc3badb6
kidnintendo14,db136977-dff1-4303-bcb1-6f5079ecd166
kragenclaw,6abdd48f-0afc-42c7-b819-5aa69a189a40
miloso_online,81b726ab-32ef-47a2-a178-060e86919e59
jawdog777,d269a360-91b6-4be3-9ab5-d1e730b479a1
ghost10k,22fda374-6dfb-47fd-8cea-b3c63d14fd24
bacon4every1,7f4aaad8-a243-436c-8045-ebbe875236e8
jceight_ball,b09f0a2e-6af7-4ba3-97e1-ff0644aab1e4
thechaoswarrior,7240919d-4cae-4574-b94e-cd67ca3dacfe
willkipz,3d21b28b-02e5-4a9f-9914-447b23bac00d
eleyondtheelf,176808de-428a-47f2-acb0-bd5ca1a1b6e0
vaccumed_nuts,1dfadf8d-26d2-4673-942b-60333a4834be
skeleton_bone,0628a585-c77a-4aea-b80b-3af58f577f21
xroyql,c4e0ab47-dc8d-4660-967c-61312153bee5
capitansparklez,484f1ec7-ac57-4851-a1f1-f3c67fed6e26
brox_bradley,ef7eff98-66aa-4fc3-98cd-24bce8bd4fde
elitestorm1,c037ac8c-c6f4-4c4e-b15e-b50bd9c0bd38
weetgeennaampje,f7566a34-168c-4e03-b790-4538dd3435b9
alanr435,04f976c8-6f1f-4703-8ebb-80529f6b1ecf
luigikid13,78cd0ecf-de2a-40be-ae04-957bfa968ff0
majinlord,97631f98-a677-41a3-bf14-01d904be76b7
cplcreeper,c1e608d9-fa65-4ace-8bc3-991bc2827eb2
wwizz,977f58f7-5f2f-4055-8992-cb6d55c9950b
watemote,cd52fa2e-95f0-4620-89ae-3462e6ce1cf5
oveqx,28d0fc3f-6e85-4828-839d-667db219b25b
rslade97,5e8821f8-fded-4eb5-8d95-8858a6a8f2cd
allinaday,b14a9198-a87f-4128-8877-63ed2b4d8f25
budderbunnygirl,850ecf90-0897-4e0f-b8a7-94419ef7f83e
xx_craftedyt_xx,094b1b04-964e-48f9-bd61-2eea006ad6b1
robrocks1,ce0e4f9b-8e3e-4577-b744-7c51aa9ccfbb
idunneedaname,0c2a870b-d201-4db1-8d77-b72a8fa6c7b7
elise_chan,fa4df296-f8ed-4ee3-9e47-f47ae580ce7f
graser100cp,33ee6204-2687-401e-aae5-382c813e830f
jomenca,a0e25fed-1948-4a3b-a3db-1e07d973e609
mickeypowerteeth,219c3b36-39d5-477d-9fc3-44c8eab988e5
crazynez,64f95c69-6eb8-4c70-8e3d-a9916b55aa79
theupgraded,00edd535-3a1b-4d16-9bda-e2334f846c4d
lyricon,12246796-c015-4372-9a6f-30c0f289e37f
diatomic,9cfce2d1-0d02-4a08-a1b8-56ede5c4fccc
faction_ab59cb9f_4053_4a32_8ec3_80cc8e9ecdd7,52f08518-5f9f-3326-99cd-73e160eed68e
daaphmau,1eeff63e-9534-4bfd-9794-c083013efbed
alainar25,94070a7d-6e29-4a5b-9403-6befdb725476
ally73,4472ff84-24bf-4e8d-b321-6a289f8721f4
srs01,5c3b04fc-2819-413b-8395-2b8d826aa77a
tcrean222,a7d8de7a-1ffc-4aab-9b91-f8604ff3b920
jccrea,aa6b92e7-f2aa-4f17-a5e1-44b868efe2ba
shooter07051,56a7aab0-4cff-4f82-abde-8a3f6b20bae3
spy0808,698201e6-90f5-46c5-bd63-59659d2d2cf4
jtsup5,bf170c74-43e3-4d60-9d59-b9acb92a94fd
joeultimate,955ed161-fb38-4650-9db0-328facff12a0
pixelplayer,347df02c-aef7-4ca2-a80d-9d4716028a04
cobra_9,1e590a11-28e8-45a0-9c90-f19bae892fab
warman777,9b1a74e3-cad6-41b3-a62a-0fa14d1ad05d
awsxdr12,3aabd270-e19e-4456-8dea-ff55b44d1422
francoisawsome,d6ff0331-399b-4a44-934f-283e96f64d6d
jk15543,39209240-898a-4e58-a45e-ddb24e95de80
professorg3,066b95d1-ed03-426d-bf9f-c181aefd02a2
dopix000,79304855-9c67-49c5-9475-fb1dd58c6e73
xxmilfhunterxx,41d8486e-e9b4-4937-831a-1aaaf7c51cfc
ctswims,660923ac-8c26-44e3-b4fb-3f0722d71c72
diamondclaw06,0845b358-f034-4be4-acba-0898bbc782f7
herobryan987,555821e6-e87a-4d24-bcf1-ae986251823e
wolfegaming,e843f493-4625-4ac1-9190-7e064b04cded
claythos,3bd732a9-5f86-4675-be9b-0870f2bd9ba2
plazma257,f2a0a46c-3bd4-443d-99e2-5964dba89ca9
lordtalbot,1d19c01d-3ecc-40af-aede-6fa792dc1418
rkoffert,2905964c-4499-4d3e-9fa6-86a5ee574599
luluismybestfrie,c7f35ddb-e2a1-4665-97c0-5e89bcd68501
nicoha15,789c66fd-24a8-45e2-8154-a491b792ddf1
calebjedimaster,ec5ae208-76f4-4e70-a5de-2683a0678497
craftfriso,d891b368-2a5d-47be-8576-466fe8b9c417
_tunturi_,6ae4cd1d-84bd-4074-9375-55f8453a4f79
crazygirl0622,6b043198-30e2-4a24-b580-4851ebe844fe
haybales5136,55048fba-ce27-407b-88f1-bcf97d5a4721
rockibleu,271c21a7-c945-4a27-84e9-11422a480744
xxxxxpippoxxxxx,0772ccee-45f3-4924-865e-6b6dee4468c8
benjeremy,9f282026-41ce-4848-8778-a261a55d96a8
dumoulin11,f87fcb96-376e-44df-b3e9-73068583961e
nighttide,1c5f989d-ef86-4127-b3ad-8f9c01c42df6
pookiekid1,ff96ab21-880b-4ac6-8453-52aed61e0d30
airforceboy,e48bdc5b-a8ae-4850-b9ab-b4ffc044d2c2
viktorstig,b1454588-74a3-4d91-8f89-2030dfed9b59
evelyze,70dc22f3-3568-4e32-9380-3ea0ff0b0be3
akramxman,cf86efaa-7d05-4bdb-896c-dcffcbe4105b
mclulz,7c89c4c8-3e23-4f53-94af-e698a491921f
converse_boy,0130299a-4489-429d-b4eb-68643a4c6ac8
mr_catsberg,437ae61c-5ff2-4653-a93e-684755c616f3
tektronic,87fb3c6c-5ff6-4bf6-b326-992c6137ea12
goldhero7869,72cacea4-e5c3-4c10-920a-2e02c5b3d91c
monkeywitmtndew,675323c2-047d-4033-954d-64c52c11944a
sonicninja,4b6a0a8c-ca64-4ce9-9cd3-4000bf6f676e
creeperfever1802,a035c03e-86ba-439d-8260-166416cd183f
twincrafters29,2551d7bf-6a51-4738-b029-7835c654133d
rickimon,44e3e9ab-058d-42af-966d-8e718d591306
isadora06,ad886736-970b-455e-bf4b-2572cd3c8e18
blood_bl4de,64894b33-1fdd-45c0-8b58-c1741b12c65f
pvp__king,c12b733a-e344-46d2-ac84-a795e241419e
hd_games,f4976949-cfc6-416f-a650-0cae9932bba3
bitslane,6a510157-fe98-4e65-a964-24f44460f27c
xxenderflamexx,4e47d910-317d-42a3-8a93-c124c4082046
superman1576,9e1b4ca7-e362-4366-a3ea-8feb672027dc
hawkeye1,321031ad-a283-4c1a-8aeb-28b4da37f6db
wasallcharm,c3aa580b-2570-4424-9f30-a8563fb0afd9
pegasusx,27b2679d-459d-451e-a3e8-4ea091027687
diamondblades,0a04732f-18d8-4cfe-87e1-45e261338564
queengun56,e60894a2-e7f1-4a8f-bca1-afb05106ab2e
xdreaming,0a0f070b-8593-4491-964b-96aa2945cc3c
bonusmonster,8ebd653f-74b8-4362-93e6-c2403379e4fe
zayzilla02,dc9167af-6ee8-4bd7-8993-9c7953345826
joeybrown13,db900d2d-e333-4955-94a9-84a31213dd54
dpgammer_8,5168e310-5df6-487d-b91e-80f3089ff138
hoosier525,3dc1a370-7c17-4b84-a04e-dfe8908a3d61
riingbearer,d1c2bb90-20a5-4a09-9cef-976ce06d9185
tpollard,8ec82bb4-c534-43f6-be22-87a2e93dc3e9
starmute,74e4e3af-0092-4cdd-91a6-3c8cf7eb805b
diamondlock5,3f6e8eff-cc0f-41cc-8def-a54f76030aea
masterx200,0f94047e-fac2-4256-8f80-3fd504d00fdd
baconboyx10,c3a4e4d3-b04a-48e7-ad9f-60cc59699af3
1999jaredw,49cf5f1b-7fa9-47c5-9933-d55b1d7d76a6
casseyyo,19d8b33a-9778-411a-b05e-8792f8ae1b1a
soonerb,5d0847c6-b523-4032-88d8-4158247fe2a7
storm_paw,3274045b-6187-4e1f-823c-138f15161846
gamerboi12_mc,b679d0b6-213f-457a-ba8b-fbaf2878de13
5902mike,6dfe2c7d-ccf0-4f7b-88f5-37ef42ad20ab
anawesomecow,d0751a5f-4ff3-491d-8c27-7b37e05eaed4
andrea2346,4da3cb1e-d85a-40ee-ba6b-e9edece45f1e
mistiekittie,fbb8c072-4c4b-49c8-948b-26e8ad73099e
_blueroses_,61b2e318-9ca2-490d-9cc3-66dd41292a7e
jbug112,57ed9c71-baa5-488f-8649-b0d1dfcf7891
dexystormlp,12953a41-53ee-4fc5-87a2-d3f02ab3448c
pinkiepie411,25c30787-7cbc-4482-9e23-101352e69d74
faction_91457865_0f7b_4372_bf56_cdb40cc56e5f,ea817d9c-dc91-3d65-8c0b-f62dce3f87f7
tunnelmaster28,41d6ec62-def8-47ae-86a7-a31ff0f122f6
jsteppinz,570d5cc3-f3bb-46ba-9047-52e8fbf72295
enderdragongirrl,9fb1d127-587e-4464-b4cd-d1855f873da5
jimbo006,18f95147-aa0c-4676-8dfc-85c1959c81c8
puffle303,5fc7f224-2dd3-4022-b050-df277b8fd30c
nic82,32d74d3b-a5b9-48dc-bfdc-e73fd08c810e
swimmercj,c847a78c-2aa5-48f5-a7fe-8185bb883f38
twerkingbobbs,3279eb2d-999c-4f36-bbaa-7ddbbd5e8e2d
wayway250,eff7cb4e-fd97-480f-a159-7279c131e6b1
acetrainerbailey,febb0bd1-73e6-4ade-81a3-e754719548da
matipus,44440560-9fff-486c-a85a-16aafa21cb5b
globalmastermind,34aa92b9-b168-45e2-8a7b-783cc80cde9a
caiphas_cain,7d308c82-92c7-4835-9ba9-4f4cc8a5995d
sashahbig,89eedba1-9b93-4fd6-98fe-719093f94c30
pinkkittey,71ed82b8-8453-4853-b2c2-7a9135ada03d
moonphoenix,e37b74c4-fb29-4f98-973d-a604a42cde4d
redpanda_ftw,7434bc93-75f6-4ff6-aa85-a743d3421b88
leonleon50,ce006690-fa96-4407-992b-a597ccd43e55
delta_0157,fefa6b75-95e5-4955-81f0-14bb854d5e04
nicksh,61d8a767-747f-4346-8498-1e5caa021c90
homless_toad,76297085-21b9-4eba-b754-bc782144028d
dragonostic_,aac6b76b-445d-420e-8b60-485e940b34c1
pandasthkmc,3510c5ad-51c3-4a24-8f7f-59841cf2a0fd
cursedblood90,6c3d395c-d8d3-48fa-b21e-482faeb326c8
dattreytho,f8f0a3bc-faf0-4db0-a45e-8106bd2c4f84
jeremy647,31a4a3a3-ff93-4cd5-b1a6-7f54006e250e
bobbirkendorf,25a2edd9-4ab8-4e59-8c1a-a8e6009a1ab4
germantf,eac8e94d-272b-48fa-b7bc-95b26b5bf1cf
xxthe_geerumxx,6458000e-d7da-40c0-92b0-88f09a037133
bubba0903,d24508c7-8052-4946-9fc4-0b0241108fd6
mastermobz1,c97aae8e-a3ac-4489-8a05-19354906846c
ender116,c6279323-fa88-4e20-97b6-861aabc0b3a8
the__pacific,9e96c75d-44cf-4fa9-8d98-29e83cfc37a5
_oliver_gaming_,a1f51429-ca58-46f0-b874-0f9102ef2e63
blewout,384f64c9-7685-4689-9ebe-e96a5b45d113
zombiekiller0907,589e8008-014a-40cb-a723-d141aaab9d3d
_black_fire_,c527789c-be5d-40d0-ba2c-f5f426ec5c42
aquakittylover,77de3674-c733-426d-b992-11e74a0bd57f
syndrole,31458997-9f4d-4e63-953f-78edc9f9a17d
waterprincessyt,f1644a8b-e97a-4375-ab02-6cbea82ea170
anonymousgamesyt,6db70079-8ab5-4e7e-ac47-720b5322815a
pigypooplatter,855c9436-713b-49be-a177-4ebb053af932
fuzz_scoota,f0fc1914-3e14-4afd-adad-2d9aa9d50d0c
grassia713,7d24cdae-e51d-45de-945e-4f4de467f841
royal,5ba5ca1c-e907-4f6f-b932-b2a36aecb358
unseeneshed,002aae12-876c-46a7-abf9-280325b73acf
franksfamilykids,b11f7efc-a7de-41d8-9bda-861926efccff
nefox,963d0195-1600-484e-8ab8-487835ed17d4
addictiongaming,8a7526d6-23ae-4c8b-ad69-3808dfb35ee7
molly1564,b10cb57e-c788-48f6-bfb5-a84466d6c515
pandadude500,897bb11f-4576-47c3-a042-8464aa5a4f04
captin_america,14548d6e-9b57-4d88-81d6-d1ec49f78b40
victorstone,904e41ba-056b-4783-bcc0-0f98549dc383
assasinx89,485f7eb4-117f-43d1-990f-da90ba0a3d90
krwawy200,ebf27294-bf01-4a6f-97cb-788d53db6dd7
dentex_play,6cdd02a3-316f-4aa5-be9d-f8ff8866ff9a
faction_a46e47dc_6290_4f07_980d_b5b96bdb7da9,d72b92c0-8c6c-3f56-9090-ec6161055b2d
craftwizard398,54bc1b9e-6b96-4bd3-86de-0f43fbb3b1bf
alkfree,f7a5ca5e-ca45-4e57-a957-69cb198b2b66
mr_pharts,51ac82b1-3742-4ff1-9e61-98598e35b5c1
sparks789,e17b9519-a0de-4913-9e35-9341dec23cc5
flamelord96,4a456247-0224-45e1-8d25-a2b514c61db4
mrbuysmc,2ddea0f2-7270-4f74-9d9f-bccba8b60e22
deotic,1c61b9cb-b341-4788-9370-cd174e9df07f
v4g,bc5be07a-8e52-4f7f-b3c5-29050241d7b4
astonjosh,9701c62f-4a5d-4bd7-8966-024bdac48edc
marly2002,7b50eb76-26c6-4771-9165-8c5c9a76ea8d
kindel78,658696cc-b60a-4cad-95f9-d8abc2eea8fa
jennibs,3d014155-cf71-46c1-9af4-c6ad0449947b
sacramento,0ade619c-66ff-4a57-bd30-760386b056e0
dawn_treader,93390711-2a02-49eb-bfc4-ecce70fd664e
skillfulrabbit,528c14f3-ea9c-4777-bfc5-b6adc3b0e63d
darxide,d5c5c4e5-2bdd-4f51-bad6-58b4cfd92de1
dev22mc,21c420be-ffb8-4966-a7d0-b2bc8f332839
vinilla74,b29ffc8e-8909-4e80-9803-f2f5cf793141
cekovskahanka,4798038f-e492-457d-a03e-59353606a2f0
thederpmc,86360be1-39d1-4062-8f90-20c810b6932b
jamtaj68,5332c4cd-1a40-4a54-9a5a-61f248809f62
warrinpeace,fbaf351c-e3fd-4491-bf8d-ab5e848c4c55
faction_479ec630_de32_41e8_b3ee_cb726b1b76ec,1378d54f-02ac-3504-acd0-34cf046dd7f8
100_jelly_beans,d3ad562e-a082-46ec-99c8-9df1183c51de
chrisaddininja,d0e8e3db-e840-4870-93b0-74c9407f19ea
captain_galax,b6913b55-e8ea-4c94-bacf-9a2296ae831b
supersith89,8cf93780-117b-42b9-871b-892a173c3e40
nearsupreme,5fb377ce-5b7a-4041-bb55-822a35276f38
ohnocreeper615,82f79bc0-e33f-4710-9a98-2aad3250d458
patroler,1b85c03d-d5d0-4486-9042-70e453d64be5
kattih,42b3dc80-7f96-4e69-9217-9f6e058b8136
sava4321,3ddf5e60-188d-4119-9ecb-2a8e7cda0067
dysondil,b234400f-6a87-495a-bec4-6ac0a70b7489
zorns562,324702f1-9da5-4277-8ac4-6e2a07046e82
kyrros87,8dbe0cef-7bc0-4b85-86ca-db3b8c3f26ea
gaster_12,b3a414a4-6add-46fe-a207-1a9806a52c73
rugby500,80ff76ad-1e05-4c6f-86e5-9d097567482a
8noremac,ac3e13b1-72b2-4fb1-adbe-e747a4ff7956
daimondking1573,6839d39e-0ec5-4521-abfa-d6e58bb1e2c6
jimgreen2,3763f937-dfdb-4146-9d51-64e541dfc57e
tf2getrektm8,e382d36c-7219-40d1-86ba-dd768ea481a6
tarah_lish,ee3b292d-d7ec-4399-940a-98bcece7c2f2
isaiaspolanco11,fc2e464f-65d9-41cb-8c5b-089f6be696f1
shadowendermin,7f494831-c0b2-4133-85af-c454be05b734
aldrikka,9caa1329-a8f4-4f8c-990a-01484e59c125
shadowsteps77,78262dbb-74b6-41c8-8580-ee1a3ca3a9d0
vblocky,904fcd4f-e753-4cc6-a2a4-e1345115bcec
popogiraffe03,45f86d6e-917c-4899-9ece-61cbfc21e249
kdude82,114b4ee1-fad2-4e8e-9aa0-ea4aca1a431b
pikzz,8285b04f-9f19-41dd-a5df-89713935fda9
alluakbar,67b0ef9b-247e-427c-be08-b985a28e8755
enderminer321,6644d846-9d91-47a0-b12d-efe89dd735d8
jackgr8,6e6ad355-2e5e-460d-923c-e110c7ce9c01
11huntsman,d760960a-4949-4a98-a5ad-2c1caadaf648
xxanavrinxx,eab1237e-326a-48d6-9da7-b1b08415c97a
viziozio,96aed4e6-e7b6-4517-82ce-5945f59f9d8e
coronazago,fd1bc611-439d-47b8-a359-867bd64b00ce
superman_swag,0662e264-5733-441a-b82e-098b8e200903
1fpsgod,85b5f5a0-71eb-4d4b-b553-76bf73e5228a
cmichaeld,7302c00e-e227-4304-8ba5-a7e648c334d7
vintagetwisted,be6cb742-9135-498b-b5bc-ebc41700651b
rcdabeast,676c60d8-27a2-42e9-8b5e-88a6de1812bf
keeper002,09cec392-d877-4f51-91c2-237137b3768f
precautiongaming,9ad5a2f5-20ae-420a-bbc1-3c5a1d605fc6
megajellypants,3d4e8b74-dc63-4e1f-a2de-fdecdd98e883
thebag,d17b17e8-86d7-429a-8ff7-acbe91fba9ad
kappnd,e35843a7-3a1c-43a1-89de-efa3ca1be932
alyoop0726,7905d6cb-1579-4d0b-b02c-12590b882873
jayson0987,470fd43b-a03f-445c-a866-61c0602a28e5
shiningsolace,bc0aa44d-ff8a-4f8c-ae9d-8010033913e7
johiphop2,6b50ac48-6d6e-4ae6-9902-5fd54c14053e
tikachuu,2451b7f2-36c4-4eb1-94a5-83078d0515c9
wyngz2002,d7268f83-62a6-4dec-9605-bfb97f0bb2a4
nathandoha,62c2af16-a797-498e-bfa0-58b5e71bdb47
r0b_tha_killa,8500debf-5e6c-4fd1-be7e-14048220319f
rjohnston295,57f77fc4-a038-4089-b852-02a98e40b0a3
roelomite,ca1081db-0470-4ac4-8175-b75cb9f2b6f4
4v3s0m3,87b465d3-09b7-4a37-8b5b-3b932b618235
mysteryman55,d2c3d19f-a163-4bba-b427-1da8b0d57b1e
randomer,b8100f66-08a4-499e-87ca-41ca19629979
uber_knight,40687d14-92f5-4859-a548-08ec19be4908
techno_piggy,7fc68774-6881-45f8-83d0-374bb5078fc7
xentax,35239f68-119c-4367-b2ee-78d0c0eaf356
steve65598,32385534-91b7-4369-9cd8-9c25ae16172f
i_feel_shinee,cff85481-f1d1-46b5-aa3f-50f40574ea3c
cookieman679,fbe5ff9a-350f-471d-b474-fe011d60304a
nightmare2099,86b27938-46a5-4d41-8fa4-8b63cb55e5f3
thepandagang_100,1275868e-1e08-4266-9fc4-3526113211f6
scootscoot47,65adc869-4d8b-4987-8f8b-d27a557aac34
lil_penguin362,8662742f-a6b6-471a-8cd9-7798978fd7d7
charp,cc44adb5-e2db-4398-8c26-09d5aacbf80d
coconido,ddf65113-8468-44ed-b071-17a1696bce9e
phoebethepanda,fa13fe68-096d-43e6-82ef-2935eef074db
abbie2sweet,fc625113-e338-49a9-a441-0aebaff97124
copdon,331b9fb4-171d-4a89-8197-b6d0761bd87c
patcurrie30,39aabd44-f276-49ae-8889-eba3b4c0e602
kawaiiquake,7548fd80-3c8f-44ab-9063-e1c64df34636
slywolfhound00,24c875ed-d1ef-4ef3-a756-3a0354750ee2
megus,c5231037-0f43-4a42-81b8-79168b29506d
batman1144,6cdd02a3-316f-4aa5-be9d-f8ff8866ff9a
mondragueitor,bf9d9101-29ed-4f0f-860d-84dcb2f39c08
embyremage,deb3eec6-ab76-4de6-bb31-1f9fc67d1a47
fenster67,006f0d17-6222-46e7-8563-b2b4b9e80ba9
emmettgaming,66edaf7d-94e7-44cf-9d99-34d3ad90594e
charlott_lemonds,3c6ffb30-9f5b-4fac-b54d-010d6a159851
elva88,6b480061-92f3-4d55-8255-4f13c91681f9
luciedao2005,e39868cd-0f05-486e-a5ab-ec01d5519ef0
missmandyy,9ee4fc53-8262-4619-bfe9-ba9cfe9a40b2
slayerdevon,681bf5fe-c6c0-48c6-9954-46e72e3d4dfb
tomahawks8,97ab47ee-6f55-4a42-838a-f27bee2ff716
rabidgopher183,8a9f0a93-7c74-48ed-8324-0f0d3f029e4c
breezyog,69f416cc-5643-4628-ab7d-cb03eec3b169
mikeyelich,e8b44046-d102-474f-aeba-aded487f1825
_skyplayzmc_,41f5dd7a-c182-44a3-92cd-0acfd6970f97
kcocco,d0f9a8dd-4050-416a-a5f5-3750269f92f6
richboy00021,92475576-4da1-47ce-b868-d3335bb51f7e
sagethegiraffe,4d75a390-b5a3-4020-8e70-ca4030ef8dab
shawnjr13,cea62d9b-494c-4dd9-a1ab-7f015b1bbfdf
ellis3598,4441b008-d534-4557-95c0-f3ef85e386f2
xvstasvx,a55f4ad8-a8a2-473b-ae5c-caa9eb6109fc
lossless,a6042236-c74a-4823-aa5d-892e131475b7
thesquid24,68132d41-b317-491d-8db8-db11006f2a9a
nincompoop68,1214f3e0-3440-4cb7-af7e-c479464b3957
joshuacl9,452acb40-240f-4d11-82a7-c401411c7dc7
alexissexy,fa9b1219-9853-47e6-995e-6e0982b381f6
xiidevil_,47a62464-b930-4319-b97a-20b92a93af55
durza_the_shade,fd427424-a2a1-4b74-880e-7240c4c4bbef
xxrickyh211xx,827cb04d-74ba-4e09-893e-4426f4201fba
scarcedreams,3fa2a7df-ce31-4e3d-b374-d0e7e14dc9a7
_lonelypotato,2e449418-988a-4f67-a43f-b55ac23fdc57
xxfurryfuryxx,002274a6-6389-49e9-bdc6-ffc8e2ff7f56
masterkiller1222,d39e3c32-9a0f-4329-9d73-097b20c24ef6
__vaporeon__,2b0d3dc7-d30d-4327-9889-4f1045a929a1
benthebeast142,c1d88940-d9f2-42ce-bb93-21bd4255371a
lissakitty,d741dd01-8fac-496e-adc6-f88e1087e57c
willbow27,b04cc7c4-7e8d-4802-a37d-91c681997912
combine132,804a903c-4131-4eb2-881f-4fe22da70888
harryconstant,15f84481-8b22-4a4f-9833-7834b6ec1aca
robloxman444,ee51a82b-c26f-480a-933c-9ea48972e832
_macky_,c05cf3d5-fb77-459e-89fb-dfa374b10ac6
dwjns58,03426caa-a9d0-485e-b5f3-fc85d75670e2
ricehofer,40233185-ac27-4783-91eb-779794b7006d
aprilshowerss,81ee4fa8-d8bb-46f2-81a5-26b1d4154181
greenewan,03f743ec-1ed7-4af7-a1b4-c08e245635b5
allahueakbar,e1ee8717-532a-44c1-9927-9248e802db90
braydena9,94eefc4a-35a1-400d-8f82-3298eb00dd69
hugapugz,c47636c2-040c-4c78-ae4b-93fc9e4f94a9
higlander145,5d776da1-d5f7-4175-9866-550661c3513f
ohshitson2,63c1b4cd-b297-4059-a6d8-efeddafbdf06
original_bih,205c9515-8537-4ecd-b838-253400f7c91d
cody123daboss,b3dd94fa-6262-4d19-806b-e0d7ca77513e
copiousdata,423930eb-3009-45da-8405-ebc840ba4734
tamper_monkey,c603baf5-eed9-4ca9-86a3-401c2e55bd58
sqirtilenugget,73867d9d-aa97-4219-a6e4-7289038fb6f3
zom1215,b2d08fb6-7f43-44da-8788-c2b7dc8df0ec
muddsling3r123,beb7a794-660a-45ad-b97f-8f49713c41e9
supersd7,8c502134-39ea-4b64-851f-e0d5ef6f1c4a
legorobot93,99505893-fc91-4c8c-8d54-4192c23e9654
rhino59o,0e3bc636-a6d0-4776-9154-e76e94cb45c7
huss05,f5f20f41-1b35-4fdd-8f98-9c987ee0f2b7
smoshie_chan717,954b1805-6d76-4f1d-8765-73711210c9cc
boomchickenpie,525de764-3c55-4fd1-89d0-6dd5f372df92
antalant,c953034d-2de2-4dc8-aa47-e1ac7415c29b
broman465,8e62bf47-fc95-41f5-bd0e-745896783acd
_phish,95e30978-3902-43d5-948e-711e7394de9c
beaubear16,75fd31d2-14be-47c0-9201-8c06c631faf1
bpalen,904d6e0e-806e-4f9d-be11-d25f9c9ad23a
abm217,311424a0-526f-4052-b111-97c25ff275bb
bananaman7890,c3113ad8-47f1-4124-8778-005fd0bbeb36
infinitym0nster,c8edc7a3-4188-40a0-aeb6-b596cbc19cb7
repulsivecurve,35ac388c-809c-4b02-9afb-6eb9f7c9838e
heyyyimaboy,00815ca1-55fa-4bd8-ae0e-1e2baf8f1b2e
synthicas,79fec3bf-2247-4f43-8732-5cc4534cf002
acplaysgames,0fb54753-a3d4-4c55-a382-b9f7e682ad8f
leighdragon99,7e745dcb-9e28-47a2-883f-91ce8ce0772a
michigan226,9e110ca4-b605-4747-9c44-a9cf1782b1f0
xxmag11xx,1f6d6423-ea60-47a6-90df-db1fe37ec50a
kurtarne909,9337d6f9-913d-45dc-b536-0d58c49386fb
starz_23,758f09cf-e7c3-4547-a7c0-8bcdb617e3db
grisney,2787de42-f580-4473-9e6e-71fa33dadf07
adamrs2004,d93b971e-a4fb-4b75-8559-31ad6a95fe1a
coolboy598598,0aedac59-2d3b-4550-87f0-1798442038f8
eagleeeyee,444e6e81-0588-4244-b64d-d98a01db711e
owenreeves,69032897-43ee-4c87-ae56-507095b92d96
weerxmc,18f27ad1-2016-4fc0-b7a4-b82ec2cd96d2
meatfairy,7cf56273-0e74-445d-a6f3-966a98f75ddb
malon,b6bd5238-2dc7-4925-a0bf-dcf96f0610a6
explosivepickle7,3d52d2a3-ea14-4215-9f25-1d6f887734a5
bouncingirl,9eba78fa-55c3-4742-a858-12d8830bf9f8
eljeno,10814f8e-8b6c-4d85-acaa-d1426a4aca7a
sniperxspotz,d8ea3633-c4a2-4ad8-8e9d-cd2416e3511a
rhyl1th,0e1fc03f-4c06-42ef-9a0b-ddac095ed999
craftxmaniac,99eb53fd-1d54-4ba1-9f62-bb85dd45e78e
romanpandatgd,10ab0a95-3792-4ae7-acfd-bda4c921e018
idizzyzz,3cb1f772-9ebe-42df-97cb-a3cb61512213
qdogg12,b108dd49-e0e1-46a7-aaa9-3de9c7ee5f15
xxmeepster2xx,6979281c-1d88-4691-8bca-f809cd91268e
faction_1ac4a7c3_8e65_4224_9a7f_767ec4002757,7f44c33d-78c2-38bb-a5af-6e06acb09f64
xxmlggamergirlxx,da6fa784-3158-4a73-b851-7d48fb4850a8
dmanx00,389c01d3-99bf-4e80-8af7-6c53c3da0087
flying_donkiee,6f0e4b9c-50cd-45e6-8c9d-54228a9828de
omegagamer777,7f8a63aa-8a8e-4dd9-b804-9d209115ee58
choclaterainxx,4a58f703-32c0-49b9-a278-3422bf55ef13
miniature_radish,0de9dacc-ea47-440a-8b2e-d9a0a068360a
acidiclzrd,d573fe01-51b8-4672-91d7-a50bdd1e6f87
chace8520,189d583f-f164-48e3-aec8-769714f3efa7
shelbytheturtle,4e69398a-a499-40a6-9ff7-e87851d9a6f1
gaster21,e6f9f5c3-3903-4d3f-a8ea-5722fe9b9f93
_alexisthename_,67a62f59-ead4-4ad4-94cd-40dc225d7386
jalthejew,693beb67-89f0-42af-b0bc-74e50c0b5723
sciencemaster22,f8e526aa-6db0-491f-97e7-7239f303bcf7
alshamsiuae,35b2833e-e920-40a7-bee7-21db5daa1c38
sebas1212123,4cd55764-b633-46ab-a34c-e4b42c381173
goteamleogo,0130299a-4489-429d-b4eb-68643a4c6ac8
xxob123456,253cafe9-5764-481a-9feb-9d7c587bf551
heyitskell,9b1d87f6-2d17-4a07-8e31-aca9522b91fa
alwayzb,a24410eb-d351-462e-891d-c3b32b875bf1
firestarflames,8b9a9dfa-f056-4430-8d3c-ae14156b3584
nick_a_naut,4c95642b-a587-472c-98a2-12f01a2927c1
sailingforithaka,918ddfa6-fa2d-4007-ae65-e5000137f679
legoimp,38869c97-ed68-4b0a-8aa8-155e38fd435d
donald_jtrump,8a4aa588-fb1b-47a7-a1cf-7f866dcc4bf8
sharebearz,3583b3e0-3219-475c-959e-9271703c2024
zuave,f78b50fe-563a-4201-b1e6-00405a60f44a
cookiemonster101,746cf470-0bc8-465e-90d3-75914da3b10e
superflo97,b9943cbe-88cb-4f43-bb24-edeecbe19005
cookiemonster102,43fe7d60-663f-4d44-a734-fcc52ea352bc
mr_baller,a60f1d79-981f-4b6e-83bf-d5aafc383306
bigminer50,1ed599bd-f228-4501-b40c-487dfc9fe9f8
logisnake,4858ce1c-c14f-412f-9840-7dd6c04c4ad5
infernoblitz2,ba489d04-d4e2-4038-991b-3a55c098f4ef
bedrocksoldier,cca028df-ab08-40fc-930d-57dc46024ea8
chara30,e6f9f5c3-3903-4d3f-a8ea-5722fe9b9f93
ronnrr,64a44343-79ae-4d5f-9ef2-eb6207b2540e
emeraldxxwarrior,c99e2b2c-11ad-4866-adef-5f8b13176a0d
g0dhero,e75a1e7e-0e0c-4394-a671-fd86d6088487
_reeve_,1e7ad46a-fa60-44a0-bcd5-27c3bac03134
tropicalcrayonz,37ac696b-a084-4332-ba79-644cdaca51cc
clockworkthink,a998e723-c528-41b8-9c68-31658d023987
ollie735,15e8add4-2990-4ff8-a1ab-eb920aa65e36
diamondmaster03,cc2d2734-e784-4250-886d-5c6c714bfb09
oshawottofmc,f80fb3c0-a8a4-4934-99ae-1db9c6182352
finksvik,732b6e54-1f6c-4e89-b586-db51e79fcc79
oogreenoo,7d970ae4-9d36-409a-877a-d8506e7b6f43
snakeboy05,56800e4e-60d1-455c-aa4d-1635e775c7d9
tanner5th,d1329cc4-e314-4738-b1b4-56d4f4cd7f39
personnumber2,feac41ae-7627-46e6-bf71-b91d120ea95e
vadervlad,fd68a9d7-514a-4c59-b034-1eca458db175
cow_chaser,7794d76a-732f-44e1-aab5-0d71bfbf6ef3
rockygaming,468d6b78-f5b6-4dfe-9d77-08f706f95bf0
themckitty,3d82bca5-9766-4116-897a-b17df5762e44
timbojimbo908,c43f4eb6-5290-4ff4-b7cf-f4a7e638a7b3
bluebowen,8930fa2f-81ec-40d0-a2d9-ae8855f26c92
junan66,c71734d8-fbec-41eb-8dd7-e356b1124979
codycity,5173da77-d58e-4549-a468-0639fbd9961c
spidermilo,7cf39d90-afca-4e61-a03f-c7ca6db1c705
mrderplots,0428b574-1e41-4030-b106-0c356b765029
therealrilstorm4,b1ef2df9-cf49-4114-98c0-ecead0ab1b97
flawlesspink,f63a7f5a-70dd-4914-b4e2-51025170b5db
kryonic,571d4c64-060b-432b-941a-2f68e95e7eff
megamyte,5f03167d-641b-4739-9fb1-3ba4deef1e2d
dannytruth,bf7849b4-5728-4402-a56b-b5068ab58614
spencer_da_panda,b9fac0b1-4a22-45fa-a384-7cf184892294
buugames,526246b5-eb92-487c-8dc2-fe8b28f627a9
minato_hokage_04,ee514863-e23e-42a5-9139-aec3c6b76135
dice002,a143d4d8-59e3-41bc-a227-dced25c42307
faction_21e8e281_fc33_47d4_8637_62f31a316afe,294900bf-2ff1-3484-8866-137c00133345
whatarethooose,1e41bab8-903b-4bc7-8aa0-fd682e720fae
bosswer1234,94cb02da-fefc-48e3-92e0-6bb986e5acf1
pixeldip07,24f512f2-02f4-4c9a-b704-970f09ed5ea4
d_a_w_p,476af9db-3efe-4b46-a27e-06c2efa211d1
guitar_riffz,4c0a3ede-3413-4c35-ad42-79ea1cea34c6
d3xt,180667d0-d754-4ff6-87ca-209bb2f48e24
rudman88,53ec378e-c2bc-43cf-b27a-6d7d9e1fad87
2worlder,0af61f89-78b2-4216-b295-376f7cb5842f
xxgregplaysmcxx,4aba76b6-953a-43b3-bf5c-58e7b054e7c8
mindcraftman112,7ac67d5e-f828-4d10-956d-c3676480d4b1
snappie_youtube,72b6dec2-4b27-41e9-8dfa-1f0484047299
grembert,eb11588c-b2e4-4564-97c5-4a690d595745
darthman_1,3a97386b-0700-4206-81db-6f387b238ff5
dedalos452,2ba97022-1fb0-4034-9ac6-8d9e0da08924
hideo911,e8417d82-6fcc-4e6e-93ee-42fe964e9bd3
kavekreeperx,89139d33-d78f-4166-9acb-d5861ab8457c
videogamer0414,fd2bfbce-c9ae-412c-bd82-9a4bf220acb1
bangbangproyt,d1308beb-a630-4cf1-8da9-3f1ab77a7279
icecream0711,ee7595fd-440c-4434-a7de-b887d6ef63bc
rhinogamin,82993b3d-3600-4487-86c4-99e5e1d07ccc
clay_tnt,849d1496-b48a-42d8-a0dc-258deb38da91
dannyrand,ff030adf-785e-4516-a11a-24f5c73c59eb
irrupter,f267d1cb-66b0-4c56-b1ed-90fc945a98d4
faction_d221298b_11e7_446f_8468_8f8c17e12186,225baa83-2c6c-3e46-a033-f3985e61b8c8
fireninja307,089eb9d6-7299-4871-8d89-efe9a073e64a
tektonic,b0fcd01c-543b-45fa-bf20-023b4d0e777f
niek2044,60902ce1-4cf4-4af9-84b4-fe1628feeb84
ddcraft4,e72730f9-a55c-4646-9857-cbe2eceb1406
bird2019,a3022f27-1ba6-46d6-95f2-c3d5f16bc0b4
poic100,79968ee4-fe0c-4031-8a33-306ff9d2800f
sulnur,1c2c7e45-c364-4589-94a2-301a91de4f8a
unicornofchaos,b6c8eaab-91bc-447b-ad01-47feb69f9dd1
trustierfir70,87d96e59-83f1-40c0-a119-605da9bc7131
jakemon64,d8427138-5c2d-4d36-bf0e-200fc2c9e90d
waldocooper,4071865c-885b-4fc0-bbbc-587efe335844
legendofnoah,6881cfc8-4f2c-4288-bac4-84ece7c91ca0
royal_werewolf,f1644a8b-e97a-4375-ab02-6cbea82ea170
cichy94,8f2e7b2f-4981-43ae-802f-889905e613a8
coopeh,1a7c0455-c6e7-42db-be8d-030ab858eaff
_edizzle_,40be85d6-a600-47a6-90b5-1e6d626f5091
_s,ad59844d-c749-46a4-8cd2-2a6c440e5c2e
crunchy_meatloaf,7de3ea64-b7f4-435c-b580-d428981217e3
spaceyelephant,1852fb74-49f8-4e3f-872f-3539945a7d7e
ecvl,22455a88-71ee-4f89-a4ec-55482c574d6a
sponderman_z,17c90857-f25c-4cd8-92cf-880c9fb57946
mrfussypanda,9c383fbd-7100-4867-ba20-e78fae9f5a2a
nothappybob,bebb9aa3-0ef4-49dc-8a32-ea21c8182860
bageezus,4b743249-d9a7-4e78-b4ce-9f4d3391bdb6
christheking2004,7837b513-fdec-4fbe-b557-fc4f83d3cb8d
noah1237,dc3af646-fafc-40c5-9d01-49b4f7d4bb42
rkoffert2,7a465e9b-5b4f-4b31-9f84-90d8494df069
rilstorm4,b1ef2df9-cf49-4114-98c0-ecead0ab1b97
theblueguysquid,6e65f748-1db9-4763-ac15-c35be8ec7734
ericrb01,637f2f03-9c12-41e3-9cfb-9d2f89cdd926
edcam2002,64d5f0cd-e0b6-4602-b066-33fa444db664
jqq,655819e7-a3d2-4d5b-9b9d-d12d05f8079d
nathan2015,59591a76-0656-4432-a356-4bcc0c853f8c
stripedjet,69e7127e-ba1a-4c14-a34c-60b1b2869766
doobysnacks,e2e4b6b4-aa06-4f87-8e26-354545350fff
caymanianninja,1aff415c-8b33-4653-9ce8-79cf5a6ce318
supercat12,fcce13c0-9c2e-48d5-ae2a-c809fce4ac96
slaggyp,5578ca55-2288-4447-a245-edd89b21c664
jacksparrow0987,7c4aabd5-8c42-42cd-99a2-b5f395b6b19e
ilmes,18caa1b2-67d8-4c4b-b603-1ef3cc59ec17
infinitym0ty,0f73ef62-d671-41d8-a239-3bd07ec6ec33
masterapple2003,e9a830ef-7838-4cb5-9980-ddf082eb7297
cmrowlee,82c7fe79-faaf-4c17-94dc-7e1c43212e94
hybridflutist,c0d6ea99-c3f8-40c4-b838-2881a5aecf5a
kingmilo1817,07c71c5c-e146-4c5b-8ba2-fd6944ca4b35
thatepicfaceguy,9e99f267-845d-422f-b0ae-0ba3f2dd6022
zachisosum,d128c39f-5ce2-4a33-998c-b97699b2682c
tbnrcat,4795d65a-4197-47f3-b8bd-4f12b9e862ae
_rubenb_,df553fcf-c4c4-480d-92da-65b16719f17e
diamonddude08,c7177c77-8d70-45a8-90f0-3ee3f4d06ce3
rodrigo69dj,17b6832f-aae5-4636-a4d9-0e4100879597
nightwingteni,8e923c69-a466-4423-b467-feab17e11698
trickysmiles,0d972a0b-c3b9-4c95-8c94-e9c2b319c77e
thomasgraphics,ca908ceb-8ddc-4c13-a004-85b80b703825
disney1010,81bc7980-684a-4e52-a3c2-cce9fbd10f33
suermen,4edc796d-81a8-4303-b47e-01e7b60e70dd
kylearoo,1b285568-36f6-4f6b-8c3c-27dab67e83a9
nicocomegalletas,7af220a9-2358-4728-9f8c-fc35e17c9b64
bryden207,3a180701-4187-4cd6-9732-714e11cf0a5f
brooklindaninja,942b51f6-892b-4f19-838d-41f31775b9f3
psycomedian,2aeea84d-95ca-4687-8332-8a58f43bc6d0
eathotdog,3859fd72-05b3-40f6-93ce-d40ba2ae8dd4
reqero,c6342495-5703-44c8-b6e2-670fa44c808b
drcobra,3efd7ea5-8734-45a9-bb64-22a191928010
darkstar75,7cdb20bf-495d-4ca0-8c75-2e933f163344
elitewardude,62b69812-76e4-497d-ab51-eed703914f4c
ish19c,909214db-8fa9-49aa-b429-80dedd681c32
penny_butter,d490b744-d0b3-4af9-bc1a-99dfbc72c28a
airymoss,2cafba8a-c95e-483c-ba5b-62aa65953a50
jukasjervi,f1f35ccd-533c-4022-81d3-4d25a89030c7
zeebrawl,afadb3bb-1ecd-4e70-bcc2-27ea4184dbf5
hyper_dude44,f372156f-cb8d-485b-af10-30a5e3749ac7
xspiderman,841c5c33-2a11-430b-bb00-32b2c8868d3b
duff441,f0b2bc91-f88e-4c99-b004-d95dcdefa6ed
eynox,622a9e89-5fc5-45ea-ae73-f2d75dd8554e
littlevision,fa47bc6d-f019-4f23-87ee-15211a5eed8a
24mark,2fe6bbff-50dc-431b-b678-f365241bcd2c
friskylemon,39fd30fa-ed7b-4198-8916-d7ae20deab3b
lumberjackhunter,c60b4fdd-7f30-44ac-bff6-c01ec6b7e5ae
gamernl1202,fd2097aa-abdc-41fc-8908-ca0eba84c996
hexahline,5fcf6f2a-3064-458f-9bd7-02dbe449de10
huss196,eb3574c1-9db1-4ebf-9ea0-cf2595f51284
nikebeast505,c46d7b46-68c0-45f8-8fa6-b3def4682703
ivst,792d6d43-7661-4109-909f-c056ef292372
sparkeygames,f4f05c5f-0a2f-47a9-a20b-afb6d470fe41
donabella09,b03318bc-895d-4d3f-8710-c991a38980b5
kwameplays,af4de1fc-f5ec-49c1-810c-fad38c47b6aa
gd10061594,65d8d87a-003d-47b6-ab62-533035ae08b0
littlekitteh,56d3b80b-482b-4d45-93eb-038a179b66bb
monkeycodes,b0fca937-34f2-45c7-8418-b7f700974431
dannygee21,8f881c9f-82e7-42b3-825f-bedb935c8cb4
master_014,321d83da-eb29-4d0a-b0e6-97c1dc264447
demonicdoom997,c477c627-1573-4a6b-9179-89b3708fb19a
seismicpixel1,32d60f43-0761-4c53-b45f-9df51b109146
abeastnamedbryce,0da30f9b-f592-4d96-8c13-6523e6f19002
sirpings,1a8b76e6-4cb3-4f4c-8a75-76b180d7057a
zoethebest64,110ebbc4-e400-44d3-ae43-52d58198a188
pokegamingnerd,8779e78d-fdff-4504-9255-6bb4a2d88684
suzukihill,a8846cc8-6dae-47e1-b687-e59029accad0
theenderlord634,708d88aa-b8c3-4506-887c-22e233a30daf
scumbagmayhem,f7dac9af-63e0-4ab8-a3e4-8cee6aca933c
stoleyourdiamond,b15af090-68df-4582-b22e-6e06b5e73aaf
hdhunter3x,26634dee-8e17-4e7b-bd54-1e1c353b38d2
vantacular1218,cdf1e331-6120-4117-baf2-4dc972264761
xxhero_crafterxx,2ac15469-c4f3-42e3-bf59-7d364658761a
keyton11,a3aae1ef-57f5-4de8-b2f5-cceb3f39855c
nbdsteve,9914cdba-4333-4da2-a316-70e1b39d8f46
quintalis,32435814-ff24-4202-916b-978940588689
dillonquest,ca47a7c7-4cc5-4880-91b5-23507ab613b6
igothackedtoday,8a612731-1e89-49c1-8778-ddcfeecddc96
explodcake2004,6fb62df4-13ea-42f6-8374-16ed55f85a3a
music101303,c643fc5b-0506-4d86-9976-43f0c195e1b9
nohaxsjustskill,8baa4141-a6ba-40c5-b317-b0962f595530
andy00777,dfbf258a-aaf3-4c7b-b502-2ccce3057834
bncasey7,0747d43d-4cb4-4040-9d68-8e09248d8807
magicmineecyt,43ab3dd2-d68a-44f3-9e4c-0fc7d8ed4284
iknow14,196d5a35-ad69-4c4a-a793-2ac1eba2f2da
deathbrynn,4f1cacc5-3d0b-406d-95d2-a09f102b9a1d
diddi123,d0b472a6-cbd0-4dd4-aea4-61c940ecabf0
mrbull6,ce0124a0-8d0c-4405-a003-547fe364f204
sircrash99,094895e1-7dbf-4e00-bf9c-4572ed369c14
fishytothefish,58e2eedf-8df4-487b-b58c-3e88db48dfe9
osamatookmyplane,997d5cce-52eb-4600-9b9c-6252de284058
zelzar10,c0caef42-d741-4417-af4f-63eb1abcfe82
fuzzyloris,086ffbc8-04d1-473a-9648-344d3f22855d
diemelkman101,90faf462-27b9-4c2d-a1bf-f4cdcd941510
farquat_z,50dc89c4-1345-48eb-8816-2a02543daf00
stinkypinky,a035c03e-86ba-439d-8260-166416cd183f
cometcandle,a6671bca-4bae-4363-bdfa-a6438b65951b
hyunster02,ba489d04-d4e2-4038-991b-3a55c098f4ef
mastermine72,bcbe4786-152e-48af-9f56-0d619c46a4df
huggiesnkisseys,1509a0c9-37ef-463e-ab37-42b7eebb5815
finalsmash2012,72df8452-83b9-4f41-a44b-db0cc8d51b48
free_cheese,e07005b3-5994-4be6-b4db-d64225b9e19c
_gibs,40b286e8-51f2-4d25-9a09-8369341859ba
bananaeater02,8c477c9c-5e4b-48ea-98ee-5d36e288b66e
shady1003,1cdf5c9a-293c-47df-b43b-ac03600859e7
goddly,97ac9d1b-f6cf-4242-a480-d1bc7c609636
ethanbl,86957518-62a3-4469-96f4-d15712cb483f
hawkervudo,880cd477-87f0-4fa0-99f0-d170c396b8f0
mogle791,efef0115-9923-4095-afbd-51748582480f
ender_rage_,db7874a6-55ea-42a2-9bf4-c51a582cb668
mr_steveguy,61c994d7-76f7-455c-a9a5-be3264170797
nohaxjustskilzz,63a7c583-7252-43f7-b8fa-82b945b619a0
mohkadibb,a9a9ab04-37a0-4387-9e6f-fd1169903eae
mattsminecraft,94d55ece-e79b-4782-b29f-255fecf7fd04
uniquedino,296c479e-05bc-4a46-ab24-b2a09b0418e9
fllamagirl94,6bb01220-ca64-432a-b513-a2e03ee24b8e
lostindimension,918a17da-fb94-4383-b385-f34da4351af1
piggleywiggley99,439ec82c-66ad-4a22-b686-292544cc5494
orangecapital,3d9debf3-576f-42f6-9776-809118ff4a91
i_luv_soup_yo,7025f2e1-9989-4753-bbf9-579834e7d6ee
leszczmc,52ed4130-a764-46af-8748-313137c719ff
rezlox,ee67ccf7-3613-460a-ac37-f7e63cf25914
raseraa,6b326ccf-a446-4552-a774-d8d3150b7aa8
probro0117,b98b70f6-7cdb-4d13-bdf0-8411431f091f
foolyfools,7ebdd64e-a021-4940-87fb-dfaacb80b633
csuxnigga4life,52d5b364-e05f-40e6-82b2-bcc74e167e59
garrettgman2012,aeac1334-6718-4725-89ee-54299f36a834
misspunkyfry,fd9666d4-454b-47eb-b268-e21042688768
f3lip3vfx,1e35a193-c09e-453d-b2e3-1073512bf1e3
bluepuppykat,e51b4b28-c0c0-4199-be8e-b3b8f07b1231
yeons,674fb410-deb2-4990-8f76-768d896ec816
branden7305,2f36f906-d525-4c27-b1f6-63685de119f4
steve84966,7d3ff356-7424-493f-957f-e492a6789dbd
mamby101,391762eb-24f6-4d95-84d6-bfac682d575a
panda486,dacbb558-1412-4535-8386-f3aa811e3359
sarahcate05,2fea5f03-a0b3-4485-8293-a201534433e8
vwhakykid,3598c6c3-dc9e-4122-9325-dc665ea3dfec
rob5529,5c57199c-f5e6-4c62-ad55-1cac26ec5056
meggsatron2003,b99e495c-d00e-4134-a895-32e8a50f10c4
josephn6,1eb7173a-478c-4762-b2bb-d32a8953950b
typicaly,9a2c4f69-dcc0-458c-95ee-fa6d11b348e7
assitessentials,53877890-ead5-4068-a034-4d18757d0b29
dumbellgamingyt,b2662481-347e-4ade-a408-103e50ac8bab
infinityman1,b2fd4e06-1aad-4a09-94a3-a6ed2682f32e
slinky,7ecc968e-6a34-4f10-a4e4-e9946894db96
mack_22,7cdf1091-27c7-4e3d-86d7-dd9679bc070d
ojax1,13754fb3-eb9b-47f8-908c-b4117e171286
goronak,c7624d3f-1d06-4411-a325-a7128bf98f91
jamesbond1067,7e96366c-78a1-4ca3-a781-51e3ae7e45f2
darkhelmet369,90a8b839-db15-45a2-a93e-deb84217bea3
epe07,40a1b924-e5a8-4444-9fec-73db15ee7c8d
adwiz,7f481e12-e10f-4e8a-a009-e0e1fc764ea9
faction_c522993d_13aa_4ed4_8fec_927714b00c57,dde90326-3533-36b8-88f5-1628a9accf63
airabrine,3ff88c96-eb5f-44fb-96d2-f7c7e6a8ba2b
pjhagma,9f0af41b-1865-487f-baa2-93da666144e1
usedtamp,1ac81d95-b0a4-4714-91c8-cfba39dd2f79
atlasboy38,6ae08ebc-4330-44e6-bd4a-618452fcc9c1
seb060207,5386c323-4137-46e7-8a76-3c476c7bbfdc
metalman629,0855ac3c-6f65-4eb1-b886-9424b0e03d26
kickassmidget,eef74645-ba1e-4121-8d7d-648f82863842
barcelonacrazy,6607844a-f439-4dbf-a1ae-aa27d5099c31
buddermon,1dba0b4f-d3f5-4748-b11f-6f71f81314a7
pixieonion,aa91402a-bd13-406d-bcb5-d36ed72c9326
ihectichippo,ba6adc5e-5043-4bca-9508-a78f006631ac
lukasplayzmc,09adf7e2-34fc-4082-88da-170503664284
slkje03,79b2f511-61d8-4c60-a372-a5d596a4ef23
superman_playz,0662e264-5733-441a-b82e-098b8e200903
_mikey_pvp_,f4ccd224-43c9-4f97-8604-23660fb7cf3b
jessplayzmc,42240570-ef1b-42cf-95f8-bff9635fdd30
chaoschamp,2e4da435-7f8f-4e1e-83bb-9a725229bee5
nathanpixelcraft,b6d309ef-e497-4e3b-9480-ce55780aa279
eb100,662569eb-889f-4e23-8622-2d483ce3aa09
conqueringz,387dd891-1335-4eab-a2ad-3744e4e75d47
royalpikachubaby,f1644a8b-e97a-4375-ab02-6cbea82ea170
speedpotion,af3f65e5-8a91-4949-9342-bed50f7e4e38
s1zoma,bc384491-4cf7-4185-be07-9bdb5a8310d4
flamingwings75,cb8c073a-ddc9-43d0-874c-7ef77059b927
xxaprilzrekzxx,b45a66fb-1ff1-43cb-9467-2de37cf00d87
meedaaboss,e53c0540-c400-4832-87b4-0286d7cad59d
faction_10785c87_c636_42c3_be5d_b5835e8e8d91,e38a0acb-976f-3c32-b6c6-282c0b191321
faction_850db3e9_7910_402c_ac81_8d83e45162a3,9ab4cc8d-d8ee-3040-97cf-1182b78d8914
11blake11,6302b509-9c63-4649-852e-1712e6b697f2
apbuggy6,3a5dd9dd-2943-40d7-9bf6-190530110909
shady899,e7d77658-5ee7-4f9c-a00a-b12d83dfd485
faction_ff2b5259_82dc_4280_a8da_70b1e03807de,7c39965b-5317-327a-a4ef-2d310d8ca022
hades,4a7ce099-1263-4b76-ba20-46816fd1464b
faction_e7d4f50e_b027_431c_868d_75c7e28f09c1,80119176-f622-3d76-be35-271c509a0ee1
thedimondbanana,1afad432-177b-46ef-ad7c-5bd8595af639
yasso123,c6b02b68-2934-4c2b-8db2-440e08cde0ee
ddbex,0b0528df-737e-4370-9431-c56029006107
ahnnahorse03,bd1262d3-bb71-4e87-9830-04589d7db4aa
bobbychew,3dd6b1ca-5684-4303-af6e-5141803123a0
myhause,35e7053d-5243-496d-bc02-e481f39737c5
enforcingmuffins,fc19bd68-bfbe-404f-9d8d-635a5b9aa7b9
datbootystank,0d398e98-ea23-44ad-9dfd-e2193dca8dd4
pingmeisterr,7328d154-ab35-4456-9ff4-e08cac00d39d
toxicgoo12,73ca5e26-d7e3-4694-880b-95ec00db5443
mastachaos17,b044c475-68c9-4ede-9641-694f905c3050
jordyboy87,36c6c84c-6051-495c-8f2c-f23a9f9eff13
alongcamenull,548cf60a-5823-4868-806a-4fdc8a107791
piggehdaking,46a9b616-8ced-4f57-8fb8-54f86185c588
bogzie_briskits,be00e79a-e36f-4adf-bc7b-d8c9a6980794
royalpikachu,10d1e24b-a913-4d34-8ef8-37f78d8810e4
ezradylanburton,27fe6a66-7b4f-4830-9fe4-65b0c59371a6
kilomplaysmc,fc062833-9ef5-4dff-8ea6-a8f0700c0e06
chriswhippit2007,9dc40b9d-ff0b-4c32-8a5f-7be86c2b5dcf
phoenixnol,90d46851-186c-489a-83a7-35511efed51e
mastermessi,0781f9bf-0487-4245-9e8b-00af9c7fa01c
katje333,267e819a-b9b1-45c7-9849-499954f33b91
creper64,385d7bfe-d318-46a9-be2b-827080eac62e
void_knight_1011,454e525b-a7bb-4a39-80e3-efdce925529c
girlysnow67,bd18e8a6-b2dc-4257-9c18-6ac952174e86
0diamondknight0,d475af59-d73c-42be-90ed-f1a78f10d452
polarhusky99,8f4064cd-dadd-4d88-b45b-ece0a846d917
ben77712,a6ec3221-d925-46c0-afb5-58e75aca3ef7
murderallzombies,30054535-96c3-4605-a6c0-d52353768d99
goodsovietvodka,02ec9095-8afa-4cd3-975e-eec02dc496c2
pgz78,7eb94778-02f2-4e61-9c49-dec19e766d5f
_cool_wolves_,5e56fd45-72d6-4d26-b425-af15762a7b78
everett777,456c6009-2c76-40dd-a3b3-60fbaef99666
greek05,febb0bd1-73e6-4ade-81a3-e754719548da
hunter20022,e5973f9e-6635-4e8f-9ccd-9ed97277e95b
ultimategamer27,4c73dd77-eadb-4f1f-91fa-c2d9c99ac5ed
pyman12,0ffd57b6-e4c4-4086-a9d8-80a393655fea
amex,eb0b0580-7375-4190-8543-5f6080b2c70f
potatocraft1998,fd626b0b-d97d-4365-9561-c8f74783090a
strafeplayz_,34165aab-a806-48bf-968e-2a8fc577a202
annaboon,56657547-8c5f-44a0-89b9-5642ef915af8
speedybono,70a3e154-a4d7-4113-853f-540219b59703
cupcakegirl7890,e36e1cd4-88b2-4315-965c-f9c33e883c2c
slimjim487,677157ab-54dd-4f0a-b30a-7d6d690eee77
mrgassypants,b23cf6e2-9d9b-4538-b31b-47b0412729cf
necktieninja,84678546-a6d7-4a84-b879-0276be97d18f
stekra,a59c0e7e-d8d4-41d9-b195-0981296a5a12
chilijoy,9a277e6f-b555-4cdd-a760-9d9e9834a893
1tess1,4176407e-230a-4441-a629-661e43032735
filli1303,2f0ff457-b3fa-4e4d-893d-ebd6663362ce
sockmonkey120705,eb7d94f3-64a7-43be-8774-9720c812bfb2
thatguywolf,7427b4cc-7d84-48ea-a0bd-3705b60b393c
seppie797,3a9f1601-3157-4525-a5d4-848174ea2342
zarin99,f7b6ab34-f7bc-41f7-8798-bd0a2aa110ec
oobliviono,c0a5a2c0-370f-47aa-b255-c324cd0ce589
lostshadow666,a39a7cd4-608c-43de-a51a-20888b1e7a18
ccnweb,4567d31a-ce76-4eb5-844d-40032b7fca69
markthegangster,cfad1346-1900-49cf-b823-7beee4fddebb
marcusrocks56,09559041-d25f-42e2-8466-203fc5b62bfe
c00kiem0nster48,d413561f-8e9b-4f37-b361-7390fd5d9090
awesome2noah,ba227d26-8602-44fb-b232-9c0a97bd4a98
andrakuspl,1a130789-4f33-4d3b-8dec-a7876bcbe1d6
djgamer101,d769ccde-8fcc-4c71-8e94-8f5174d2acc7
lil_penguin,f0dc7196-e287-4545-8cc7-7d570eb516aa
crazy_minecraft3,9e6acd0a-6cd8-4874-a895-c47bd5be34d5
thegaminglakeyt,af12cc81-19c3-4a81-b95b-9686595a604d
thelactosewizard,35cdb0bf-b9bf-42bf-9b77-fda4687e1df9
nikolas343434,d0d529f6-3636-4859-8d52-1498ce172ef8
laky_120,56a9e573-71eb-455c-8b52-ad6ec89a90c7
mrpeeledorange,2821bcda-b075-44e8-8d95-7d9868d2039a
mcgametv,a26708f7-8ca0-40c3-bc48-bf2fdc538352
deathstar_45,6d01d859-5e9a-40fd-bde8-6e873a4a5e05
gamer_83,254e04d3-c3ad-4e58-8e11-cf920c1ed17e
obey_master246,802fa140-05ee-42f2-8569-e832f01b35c0
virtual_diamond,6b4621bd-6174-4cbc-a700-cc46acaedd6e
lowminer50,2b2a0fc5-5220-4376-b29f-a967e89cc7a8
flamezealot,fca994a2-f40c-40ee-91d0-75ee877be4c8
kroenung7,c2d28709-97d5-4cc8-bef3-38be2d761e5b
tank82000,efe858ab-3593-445c-9411-3176eef4fc7d
awwkoonsun,b2c38877-4d8b-4a29-9519-dd422111ceb0
david_97,9d7871a6-0d74-45f8-b554-fb81df1e85b2
k3ybon,fa55d9c1-39fc-49c9-92c8-b2e1c7c7e07f
damawgaw0012,133f5c7d-3c5a-4e66-8ce4-18ed45031668
_canadian_donut_,8fdca12c-cb4e-4402-99b8-6e22a7195ff6
diamondknight316,8fce14d6-9400-44b5-932e-f9527a6ca3b9
jameson32,fe748565-39d0-409c-a6b4-353e3eeb234d
bouchedag,56114ff3-6440-48ce-a0a0-af8fcba602fd
jackocj,f03f8bd7-6325-4f23-88c3-7a5646c9a6f8
magna256,47a5749d-9b22-4770-aceb-8cd9e7e78fde
tayri123,3dc18480-c565-46bc-afce-759824213809
aquamarine_fairy,f2555445-0cfa-4132-972d-ceeaef28a7af
forrest_mc,c87594fe-a00f-48ff-bddf-d66bd678f7ac
tomtom5655,bd04b9a1-4eeb-4ac1-a071-93a496e9e45a
blockmaster511,99742e83-2a7d-4bc8-8b1a-58979cb21845
isaga,be626639-cf85-4fca-8779-cdfd2c8366fc
jtslate88,7ee904f5-c428-418e-bd1f-4ac016ff5a0a
picklethewookie,0a3f089a-dd4c-4066-8454-140837c14110
musicgirl3616,ea25b716-273a-488b-90cc-f1d03c207a81
meech103,95ff188f-0474-4d2e-9f3e-ad5e4f084de1
blazinghawkpaw,9097616a-9244-45ff-8f59-54244b02fa32
headshothiro,76d1bb8c-769c-41aa-8faf-249ab468ffe5
sharp53,31c50c80-3c56-4c92-9d21-b7524a4c4437
alink2thepast,29da4697-2a65-4de5-8a40-c20e3f33f8ec
aj_sheldawgs,e46180f7-6a91-4a70-8483-92fa5713211f
nlpindagamer,8ef5db5d-9e50-4744-bce1-3896690b56a1
footballman_2000,07949294-680b-4ac3-8f06-421e5fafa0da
supertiger1234,e7d82698-9557-4489-8657-773c7b5590f4
ninjakai156,0d4d8f9a-fd81-445c-a044-e0e05119930d
sporygamer,912e8bfd-3de0-4966-a363-1c1ebf35a2e9
skillerboyhd,e5f5c987-5f81-4795-9a28-2c093a8b2bb5
bm1170,5b5f6b85-749d-4499-ab5d-0ac87515cf43
_newbie,3b87a7d0-80c2-4505-bc77-f14876920c04
v0v_vincent_v0v,0b31ffc0-d6b0-454d-862f-a5cdf360ed52
kittehzhionsugah,fbb8c072-4c4b-49c8-948b-26e8ad73099e
xxcyanhawkzxx,85e5bf8b-a223-4e7e-b890-92a0ac6c39e6
super_ninja0921,b9b4f414-2e98-487f-a614-a7206af3d96d
mooshroom1012,d446cdee-59a4-4a87-ba49-118877fc71d5
pegsie,f710c475-a23e-4b46-be29-0a791b426179
tuininga3,9b7d9210-5b1e-44de-9aad-825c35f84814
alup132,6b9d4d74-85bf-4bfb-9be6-c798f2242cc1
koolgirl2048,24bb04b7-badc-445a-a21d-9a9ef763ae5d
skullheart97,4d4c2419-a158-4a28-973d-8755f1f1c2ae
chief_sly_fox,8354ed0d-09cb-4682-bf62-5df3f0e2b412
sanguinity,a11743c0-46cb-4516-a929-810928eaeede
captainhubbard,65c22302-5a77-4c95-a248-20f68cf8aa07
dolphintail10,b4c400ff-2a1a-47c4-bf2e-401e0ecc570f
jordan_and_harry,6e3d2064-3815-461c-9ac6-70090c3911ec
the_warchief,c3e040f5-f183-4312-a8f7-1c9cc98c0989
msgerb,a3c94932-3fbb-4299-8a97-036cdc1b32b3
linkweather,273b938b-9c7d-4373-9097-27b23f522a1b
rosezrawesome,960d48f8-edb3-4e89-a906-ae6c1b0ef560
nerdynat_19,744cd42f-6f65-46f5-805f-97065db91f0c
kylelikesbikes,d987ff97-f976-4ae1-b9c6-5f1b79ad88b5
jonabic,a5a12670-09a1-4ce7-a371-dc04f6319c85
archer4295,784f0e4e-d5c9-4184-8d86-4fdbb0d5fb87
ragingbattles,a33b045a-dfc4-492c-b7ad-6ae45c458708
50shadesofsatain,af892ad1-e94d-4a63-bd5b-11001ad8c22c
billyglickman,7899ede7-0652-4695-bcda-cec0cb376d53
giantcanvas,3b132475-7c05-4a40-af39-e38ebe48c6d3
auboy101,998c7926-7de9-45d1-b58f-da747d4fe2b1
opinnionated,15979dd5-263b-424d-b9e2-0fba1c402c6d
nimblenavigator_,80cf6430-1f28-4279-a7c2-58d5b3a5344f
optixxfreeze,ba9a69b3-da9f-437b-8173-366cb353704d
albert104567,584e0a0e-8779-47ef-a923-a86ac7549ae3
skipboman,8dd4a486-4d34-47a6-b767-9b39a0dfbccb
firedog63438,16a18b09-4035-4083-825e-cb38b75b6408
louiecalibur,6ce443c4-ef7d-4ab9-9a4d-3d1cbf8f46b7
mariuskroghj,cb0da453-a1a9-4447-82af-1a9bec739e4d
darkside_18,63f98e85-f691-4521-bfa9-e80c16dc2bda
boo_boo04,f9794f2c-0e88-4af1-bb0b-80d9816817bf
roendell,53365f18-8855-48f3-8f8f-ea5ea626293b
thechosenpug,e8a9d343-24cd-4bba-85c5-91b4d9e136a2
lexistarannjazz,f90d3eea-10c2-4420-b5b1-c575f810f5fb
meerareo,e47fd145-1dde-4a7f-a017-abc89a9785f2
minerbear6,1dfffc95-0738-4680-a25c-c731c973e069
eekieman,c0a9c1e4-9c5f-41aa-a1bb-0214869a73da
illuminati666yt,e843f493-4625-4ac1-9190-7e064b04cded
rwcreeperkiller,efb88ac9-2afb-40cd-be57-701a336bc49a
mulwala_player20,3924c12f-9d56-47ca-a4db-f939824332cc
b1582,b68465a1-ca7a-4f52-bf4a-4daf15951581
nexus937,bc1222e2-e4d6-47cb-a365-0bd0acadf20c
bosspig92,b63e8d62-f715-4588-b9ce-2c21bab40281
panagiotis3,8b9a6e62-b81e-440e-a1fb-0408891158be
riasgremory_,20f02ed6-8991-469f-acae-0fc521403eab
tumnas,c97aed77-bc62-456a-a059-955bf51c96b9
deecaad,be88c121-0f12-4f29-95f3-b92062d9ced4
free_man195,edad67dd-ccb1-4b1b-8c1e-c450fda158bb
diamondarmor1200,c630edcb-a618-4b61-bb6e-6c6281285dd9
hepticjobz,6db70079-8ab5-4e7e-ac47-720b5322815a
zozo79,f05d4c1b-324f-4298-96ef-0bf40d180f6b
amjed2002,7ad5d2f7-4e25-4761-8410-13a00b4a9711
mastertoco,6c7ad42a-d852-4d09-b7c5-8ce2ed5f50c5
wobot_,c65f066e-ceeb-419d-8680-fea17e67ccd7
lolsebspace,469a90fd-ce90-4056-8e5b-2bdd8cbc4493
ginja__ninja,56edb9bb-1498-41d8-bd36-a7800c901bbb
aran123g,df0785cd-60f0-4fd9-a1f6-d4aebd0a58df
camron315,ad12eb7c-8743-458d-9fd2-24ab83184e64
kieraa13,cfb9d0c9-3a75-415c-a0f9-19f32a155e38
creepierpoem1,fb6d1fb0-657a-4c9f-8317-f6ed6094cdb8
maybeman77,d45108c3-bd4a-4f8b-b7e8-c9eae347c84f
minecraftkid2212,20fc9f62-bc2c-4828-b4a0-87cf3cea4ffa
ninjastar567,46b43e68-ee10-42ca-ad68-30b483c0d38a
mbsb77,87a7dc7f-ea30-4d82-a5e0-118dcf49960d
james_lemonds,6c47178a-238c-4d5b-b506-6d29bd808e45
snowboarder714,8fdbd4fc-ec12-4f77-8560-fe4f4d79bfc8
bluebladez,9354967f-5db9-45b0-927c-47cc61adb724
dj34567890,47d13751-6af3-4175-93c0-3e78077c7cfb
newlevel,206548f4-8a64-4305-9979-4d22a2f1eac8
bmiller012004,aaa4f4ab-6c7a-4b7b-b8cf-aa3a345d7827
minimonkeyble,4bf8e13d-76ed-449a-9cd6-3c23c0e52e3e
snickle539,31b3494a-aca6-4dc3-9eeb-539e25c55abe
pug_gamer,7837b513-fdec-4fbe-b557-fc4f83d3cb8d
liamsfriends,75ffbde0-7fe9-4867-ba21-ab8c9827f55e
drew1134,85786617-a85e-4f16-bc7f-5e620d085104
jonathan1va,53fc823b-e64b-4b73-ad70-8401f28c59da
rosstheninja,9ba03f0a-e390-4f1b-8616-7026afa14ce1
odie151515,8e4eb41b-ab57-44d0-8c69-d60223ffce91
wqve,3d88ce4c-0b96-45b7-b29d-0b94409c6bef
lauralive,af8929a1-1494-48da-a146-673129793751
liveblackndgold,51d5bf17-6b63-40bf-a684-42045909d849
lolyermum,ff2482f5-0a1b-4edc-8002-7b63e9938b18
kitcat1088,288594e8-49af-4721-b7b3-f8b30991d7d3
loow123w,7030f622-3ebc-4a9c-aa5f-82027aeb3183
orcovv,c07a1731-0f14-4213-a48f-ba890121a151
dylangoutier,1d513453-8940-407d-b978-ae1792ecb882
lyndonbaines,8d39a12f-4066-449f-90a5-e80529f04f76
subwayguy,e8856317-df97-4390-9348-00bb571ec8f4
theblackboynl,7063db40-b552-4303-b145-93d59c247ec0
slatetadpole27,3fe597fa-d3a4-4d62-b69c-af2049bb25d2
lunasupercute,7d52d204-07c5-4e50-ac40-7537aff922fd
magicminecraft1,43ab3dd2-d68a-44f3-9e4c-0fc7d8ed4284
evilnacho11,9f6dd538-0281-444d-9233-00101b3104f0
mkmusic101,50f8f786-e557-4d69-8cda-0e6105e94b75
exploder2001,090ca9e2-d6c1-4d4c-9351-a1df72db5c93
lilypup0716,ba85625f-3d7c-402a-b35d-cc4fdad854ac
perilouskit,5482587d-7c84-4f4c-806a-3999b8034190
sorandir,ad4cee4f-ae1c-4773-aebd-b56010d38f1d
sivoli,470cd548-7400-49e8-99cd-cd063e9d772f
huarach,0bc6becb-6d4f-4ce7-8ada-e3e8ce521fb0
coolkidvg56,df85d2f8-4924-4721-b64d-051dc1eb92f4
grosse_chienne,a5cd1828-b205-40dc-9f95-f98691bb70ba
imjussleepy,8b98cbf6-8b04-4c48-b058-b7a941be1d8d
xxmrrickyh211xx,fd76d7e4-8d82-44de-9381-4a6e91847a06
valiantwardog,b8ee8a34-2d1c-45fa-bfd4-e391528334e6
wetsie,a1b76453-efce-40b4-9e9f-25d800a0ae88
88888u,3ace10a6-4f34-4fdf-8eef-b5eb4fc2bdba
diamondhero122,7d52d204-07c5-4e50-ac40-7537aff922fd
mrcowswag31,68f333a3-2d09-44e4-a608-5b0a5d17f937
nanajama,e7c32bce-6b19-4910-8606-b500531fa998
__batman__,f66e4f7a-3c22-4934-a96a-68dff6cef7aa
iamthewolfie,1bb9d062-993a-4ae9-939a-121356970ee9
minette3714,1e4bce43-d1fa-4e1e-8b48-2b3fcf91166e
reeddaniel,1c79fc53-d0c2-427d-b80c-d67720a61a37
hmbabin,518f4154-2381-475a-8941-9d22d143fb42
spideralexx,5b4b191a-d102-448a-a1c7-19a1e9f6f99e
theperfectgrape,d8b9961c-ec89-4b7e-a916-b747e6f97137
ninja_bradley,adca8037-6a5c-4b0f-b9ee-75d165463c24
redxiii01,da2c9491-4f07-4c95-ae9c-8ee90f496fb3
theblackdog123,540bad02-b5ce-4955-a49a-8a8330a58625
hotfire17,9c27ef59-a825-4642-9948-60846fd2862c
joxxman,124ccd3a-cb8c-40b7-bcf2-736160b75203
msgummibear,2626a9e5-b527-4b63-b15b-d1eca703ea60
conbuz123,9d046eed-4c79-4653-8f9f-3e2ddad70d0e
bookworms5128,6b99a813-3df5-49c1-9902-4df4a8ca6d05
jeffthekiller966,3beabb83-0238-45d2-9cf0-182c80320ce3
colorful_bunnies,e1635653-6091-4466-9d36-02bfa1cab052
crazycrazy,f10a9c7a-4fe0-4889-a579-2c94828d2ab7
byggarbob2,94473816-8894-4de4-b252-a32d92349010
dragonmaster715,d7fa7caa-a22e-4045-bf51-f15c2c5af6ac
amoux_fang,876ec88c-8bf3-49b4-b3d5-ad8a371d11b4
gatordude18,13230745-0c75-4d90-8456-ed44eefb92de
harrythehero,1ac33d1e-3b2f-4094-a4f0-bdfdfe1e926a
thunderstorm2003,72a96407-6ad8-4c38-9d3c-259c863da534
sorlin,c6d0ebc6-2ab0-4580-8060-77e1622bb5c0
catgirl_ren,0c7446ca-f40e-4520-a15b-80af53ee4615
peter_griffin,45706f38-8279-4b56-a99e-ff58e327da3f
swoyer1,31c0d8b0-c5ed-4970-a625-ac9a369b05a3
calllmesuperman,e9d335aa-a69b-41db-85f5-03877038b01e
joshking78,3223e009-04d7-4aef-b0a9-fa6e25928987
nxeu,60229be3-dec6-427e-af22-aabe5d21034d
reinwolf13,52b26bc9-ea12-494c-86ad-6902cec252c0
ultimategamerhd_,b201a5ee-b31b-4334-b4ac-aba91e84528e
piggywiggy84,1da749fc-27b7-488a-84cc-fea2dcbdc740
chope1394,737a61b7-07c1-4ea5-9a81-b6987e390c17
logangnys,93e4e2ec-dbc4-41b5-930a-117e3bad40f2
seanl10000,99e2c5fd-dc95-451a-8f26-02d8e7ce1614
cheycheymongeon,14a08549-8c22-4a8b-934c-5524660d1b33
612omega,ad7b0b41-8872-4363-9f50-e83fbe814be4
teslaman,dceb90d4-cd34-46dd-bc39-338b2e44e642
burppee,55568885-d64f-4951-90c7-a7895958196f
hockus_pockus,00562daa-feeb-4657-ad37-e89da66ed3c0
devinbane05,c62c2450-a7c5-4392-bfeb-118e49e7bed5
poopyjoe101,869b00f4-306f-4791-ab7a-0b0ee0690a3d
8aalph3gor,5f9135dd-e00a-4778-80c3-03d6281749e7
macks999,819e02a0-3b9a-40a0-8924-0612125bd28c
picklethenickle,0a3f089a-dd4c-4066-8454-140837c14110
phil_osophical,860bf42d-e507-4693-88a5-3c22ac1df4d8
matoshgaming,e8547ddf-5e8d-4df2-bc02-ff73c2010447
ateam25,f35c1bc0-6de9-44b9-84c2-a51a6dff0b05
arcecho97,c28a2c73-c94e-49cf-95c5-2cf1cddbc9a5
maxgoodytb,9849a514-6aa5-45f4-be71-9346af3a9468
sharona9,6b11d455-3237-40ec-bcf1-f67406500b9d
derekjeeter,5da6e16b-ff29-4e8e-ad77-85fb32e0859d
faction_d2c26260_948e_4c13_8f52_c516833e8b2b,e6c93e62-dad5-3830-af16-de2211758a16
carl_miller,7caf4a6c-6a5a-4e64-b580-6d5e9c09bf3e
lolitschris,3d88ce4c-0b96-45b7-b29d-0b94409c6bef
aman3003,a1d92281-7154-44e6-939d-f92a676a63a0
camperrage,fe52812f-8b02-4eda-b7af-53e70d9ce515
